{"cameraMode":{"drawMode":0,"name":"Shaded","section":"Shading Mode"},"sceneLighting":true,"audioPlay":false,"sceneViewState":{"m_AlwaysRefresh":false,"showFog":true,"showSkybox":true,"showFlares":true,"showImageEffects":true,"showParticleSystems":true,"showVisualEffectGraphs":true,"m_FxEnabled":true},"in2DMode":false,"pivot":{"x":-0.3322139084339142,"y":0.8982452154159546,"z":1.483275294303894},"rotation":{"x":0.17322266101837159,"y":0.6846721768379211,"z":-0.17417584359645844,"w":0.6865360140800476},"size":4.3257670402526859,"orthographic":false}